MAE,RMSE,MAPE,store,item
3.9397029876708984,4.76627853164917,22.208003353204703,1,1
5.68477201461792,7.098864354392913,20.950713141172393,2,1
4.291363716125488,5.311243963419948,16.210088799403845,3,1
4.652050495147705,5.715472173133663,20.61165617071496,4,1
3.84177827835083,4.880879500196104,23.94170380157352,5,1
3.539891242980957,4.467236028983409,23.11003199698238,6,1
3.5442354679107666,4.6044477604232625,22.9546392410661,7,1
5.277458667755127,6.921673567275752,17.617786021763653,8,1
3.710515260696411,4.852078666810341,16.333528112980215,9,1
3.732607126235962,4.739591940847553,15.81450949935932,10,1
6.75813102722168,8.380164532559814,12.124633655471225,1,2
8.26547908782959,10.303121105004761,11.356095774746695,2,2
6.591547966003418,8.4577448096774,9.689254728241972,3,2
7.824558734893799,9.783714495831198,12.367939883569038,4,2
6.092865467071533,7.856854074298709,13.457893514023352,5,2
6.834712505340576,8.4280269991927,15.58164992330636,6,2
5.35317850112915,6.921992109354278,13.528844703130993,7,2
8.605152130126953,10.970700517124044,11.458871002317698,8,2
7.614823341369629,9.561928725787034,12.158609516000316,9,2
7.242198467254639,9.237496663300734,11.210200346079773,10,2
5.497170448303223,6.967059148413356,17.46188889091635,1,3
6.741642475128174,8.560284181672714,13.852775088443185,2,3
6.741300582885742,8.628976098913764,15.804391871431292,3,3
5.51830530166626,6.968145096189011,14.686646057483339,4,3
5.534661293029785,6.960632249023959,18.314773727104754,5,3
6.1886982917785645,7.548632051949074,22.809051352336528,6,3
5.820361137390137,6.9950983051757225,22.45360372596284,7,3
5.9932475090026855,7.632310458396566,12.66674619998758,8,3
6.148803234100342,7.705680376890855,15.200695420271382,9,3
6.495771408081055,8.445625066486901,15.57301205846729,10,3
3.7916524410247803,4.717194761944766,19.973431716710156,1,4
4.721536636352539,5.7979412897564675,16.200394975219197,2,4
4.961838722229004,6.060306427513491,19.84168567154477,3,4
5.07470703125,5.9471674868750215,21.375142332025458,4,4
3.4750149250030518,4.312952432534207,21.471700927523177,5,4
4.141190052032471,5.0359050942614285,25.58320613136439,6,4
3.5531351566314697,4.459108208078443,24.292391772798233,7,4
4.184444904327393,5.318578317025242,16.125800751592312,8,4
4.79325008392334,6.268782507373809,20.76117682963442,9,4
4.89871072769165,6.231405444870313,19.19387907349126,10,4
3.928657293319702,4.953865068183583,25.797622346146877,1,5
4.600499629974365,6.050084881147685,19.149349031784592,2,5
4.294922828674316,5.340000019144923,20.574037092919408,3,5
4.415194988250732,5.690850245769553,22.758333270430548,4,5
3.4300811290740967,4.496150595589816,24.016590614979076,5,5
3.601567268371582,4.539679112794599,25.611564577271007,6,5
3.501753330230713,4.50351090693601,28.65066443577596,7,5
4.218376636505127,5.38991287613983,17.86495416189597,8,5
4.0784912109375,5.259143315163015,21.97639677641789,9,5
5.17269229888916,6.27428904605512,25.044417862178925,10,5
6.415223598480225,8.560498525773228,11.292040909106776,1,6
9.310611724853516,11.864616914232181,12.712383235823197,2,6
6.956345558166504,8.827897276515344,10.413506533102783,3,6
8.760266304016113,10.383762198501058,14.357187417065004,4,6
6.619098663330078,8.214713262010475,14.495028570964315,5,6
5.809103965759277,7.527039930055013,12.825491064710127,6,6
5.403769016265869,6.743563939197935,12.935766031979934,7,6
8.779258728027344,11.441790333686379,11.73144754837168,8,6
8.107873916625977,10.243272015427065,12.929460681976796,9,6
7.736845016479492,9.788092124439954,11.641615791591335,10,6
7.14154577255249,8.779244950833657,13.278188363208162,1,7
8.505995750427246,11.011061222165702,11.417497330685501,2,7
7.2848286628723145,9.131398505139723,10.520992738155641,3,7
8.490344047546387,10.878649219921455,13.273896152608126,4,7
6.443735122680664,7.9053040191077715,13.780757115268639,5,7
6.434697151184082,8.070076155179121,14.550591180697964,6,7
5.705089092254639,7.067207860316405,13.90585116623966,7,7
9.763829231262207,12.420092491997217,12.726646253015009,8,7
8.099472045898438,10.090164350791149,12.501734720054941,9,7
6.349385738372803,8.297666235370839,9.381241860318614,10,7
8.000182151794434,10.139797747097857,11.421352302782848,1,8
9.551958084106445,12.103862782710952,9.208981914662527,2,8
9.738046646118164,12.057368160304511,10.959513470670306,3,8
9.425662994384766,11.516587609232728,11.434210137778027,4,8
7.712407112121582,9.638677217893656,13.43186859628274,5,8
7.061912536621094,9.322828057292478,11.587824994424729,6,8
7.420446872711182,9.128967258835505,14.032914363946258,7,8
10.471579551696777,12.822818229952354,10.535866171060073,8,8
8.783239364624023,10.762152965945166,10.598517790644042,9,8
9.644116401672363,12.247943316268067,10.962299283350838,10,8
7.0224738121032715,9.035756184821665,15.580211980486233,1,9
8.625909805297852,10.53665122237296,12.964977018746954,2,9
6.473209857940674,7.88791288090197,11.312732573631395,3,9
7.5375285148620605,9.452550747666317,13.265971720110493,4,9
6.532042980194092,7.994890488667199,17.009985567314708,5,9
5.630623817443848,7.181601849229015,14.23848068991565,6,9
4.879561901092529,6.332460477143152,13.05104087061414,7,9
8.392544746398926,10.48921667150774,12.592031764420494,8,9
7.635160446166992,9.425191570733165,14.215171077361902,9,9
7.612961292266846,9.982393405420662,12.591663733532204,10,9
8.971243858337402,11.470306540319934,13.23869587663945,1,10
11.541075706481934,14.141962989185766,12.092507200715781,2,10
9.416683197021484,11.551180851009752,11.365683474263042,3,10
8.6315336227417,10.856314907198382,10.983862676055747,4,10
7.421562194824219,9.047996543714975,13.115377735665016,5,10
6.900634288787842,8.34604478918289,12.212992126058174,6,10
6.971441745758057,8.907175972971263,14.004348517359503,7,10
7.745982646942139,9.890869908969197,8.37013535000027,8,10
9.004008293151855,11.30295223054475,11.108369696065056,9,10
9.829529762268066,11.768910874995772,12.04148181697266,10,10
7.421602249145508,9.496903969060579,11.73846365318302,1,11
8.988860130310059,11.325636849591643,10.222640284933503,2,11
9.060900688171387,11.65726579018961,11.0183754006419,3,11
8.293169021606445,10.622395992941488,10.641910471500646,4,11
7.3885178565979,9.101777927976231,13.543547280170829,5,11
7.645736217498779,9.496455284150354,14.850636603998629,6,11
6.841868877410889,8.627833688716782,13.296758926743424,7,11
8.93038558959961,11.036405833564862,9.80277603386876,8,11
7.9951653480529785,10.610510786382964,10.308367302996777,9,11
9.393990516662598,11.974541679642691,11.212709467774374,10,11
6.4223198890686035,8.203435168987278,10.112371445737798,1,12
10.290486335754395,13.214749644026439,11.345156235113754,2,12
9.218599319458008,11.561375578772514,11.67852341523046,3,12
9.467718124389648,11.366885466348208,12.697293853029318,4,12
5.606984615325928,7.298879866688423,10.567118418363048,5,12
7.206878185272217,9.135768858943562,13.712990049238732,6,12
6.260849952697754,8.004276563084252,12.346007549770144,7,12
8.5482759475708,10.977943154383652,10.246355215263439,8,12
8.672956466674805,11.148048442208358,11.442314274834258,9,12
10.295050621032715,13.516193990913271,12.61527527282087,10,12
8.56177043914795,10.890283127704372,10.876556867678568,1,13
10.13012981414795,12.797298289321047,9.323976266104776,2,13
10.397476196289062,13.252013431375309,10.453868349476425,3,13
9.33068561553955,12.265226904367688,10.196270061195687,4,13
9.293906211853027,11.68510469584803,14.474511580427817,5,13
8.387653350830078,10.658155343660077,12.403615558824308,6,13
7.27111291885376,8.90162554693971,12.219926185575023,7,13
11.753321647644043,14.267489759522729,11.335252301821187,8,13
9.194330215454102,11.11488104972391,10.381289284896617,9,13
9.644797325134277,12.022161365228865,9.902911120133895,10,13
6.357208728790283,8.005740490319422,11.506630221566978,1,14
8.230506896972656,10.18218368642127,11.004478321680198,2,14
6.963578224182129,9.203884747529207,10.108459978576818,3,14
7.720405578613281,9.73517322482169,12.366163037838177,4,14
6.748310089111328,8.349570312408625,14.718361484425582,5,14
6.563482761383057,8.18136063654661,14.471070851713344,6,14
5.91887092590332,7.410879241630726,13.780012469969597,7,14
8.957857131958008,11.42130120502127,11.612754909240278,8,14
7.690779685974121,9.306721168001424,12.382661577502848,9,14
8.175942420959473,10.200853080230747,12.20680245600443,10,14
8.44297981262207,10.649093775631215,10.36920751494807,1,15
8.75725269317627,11.407782297547678,7.645297247321177,2,15
10.391334533691406,12.84536621617068,10.161516042015425,3,15
8.113999366760254,10.395708122849943,8.397884733115085,4,15
8.182165145874023,10.39160225080171,11.66542753989625,5,15
8.297167778015137,9.955534686717609,12.640616673999293,6,15
6.28711462020874,7.997727071216175,9.872206448091756,7,15
9.987260818481445,12.693653136747304,9.103877855988872,8,15
9.782078742980957,12.102528306360204,9.987794474508808,9,15
8.838513374328613,11.648147344013621,8.648789090273063,10,15
5.6961798667907715,6.949264037320815,25.77271917635485,1,16
5.495246887207031,7.1120568216154405,17.08072359136471,2,16
4.589297294616699,5.98105236273038,15.351273864822915,3,16
4.725888252258301,6.039476861593125,19.043242244351674,4,16
3.5839288234710693,4.74013538988121,20.515405125389535,5,16
3.4497015476226807,4.375086756254767,17.681720100749647,6,16
4.0907440185546875,5.030515818605992,23.082945064775473,7,16
4.98221492767334,6.450389808881587,15.644005059040197,8,16
4.655290126800537,5.919887722600266,17.646535223902752,9,16
4.7569661140441895,6.064090166272079,16.690258318561447,10,16
4.9983601570129395,6.010832227316065,17.527265303619185,1,17
6.644790172576904,8.48113895756803,15.174991277390781,2,17
6.1095499992370605,7.330486380767192,16.361585026314152,3,17
5.300389766693115,6.555270036129865,16.08139300158462,4,17
4.793261528015137,6.522295348179712,17.885179580472528,5,17
4.631655216217041,5.86083412821646,17.371741670380672,6,17
4.921514987945557,6.352359735771148,21.26948993541824,7,17
5.638750076293945,6.992365897689277,14.722426169500375,8,17
6.224480628967285,7.689400786826579,18.212325368704914,9,17
5.320314407348633,6.665992734541712,14.137870574637462,10,17
8.797475814819336,11.121069738953707,11.001678803714546,1,18
9.53626537322998,12.078300603105735,8.418706773641626,2,18
11.002878189086914,13.887981768336832,11.125506147337417,3,18
10.155168533325195,12.71585657448414,11.339090117413557,4,18
7.2934088706970215,9.237311243340654,10.83514204407682,5,18
8.190299034118652,10.632790256451752,12.255806489829341,6,18
7.15461540222168,8.78928428539615,11.850855815195988,7,18
9.02575969696045,11.605585765986984,8.55269896893287,8,18
10.153326988220215,13.43994969948938,11.048146015463445,9,18
9.05103874206543,11.141816876658325,9.250489472721796,10,18
5.936409950256348,7.408943813074369,16.12314011578343,1,19
6.498353481292725,8.330589860087471,12.127835702083425,2,19
6.608030796051025,8.187851759947238,14.537814147038198,3,19
5.503781318664551,6.9712747011915015,12.107217984295508,4,19
3.9561548233032227,4.83145727820834,12.991485153450455,5,19
5.636655330657959,7.172539042396163,18.56210491799823,6,19
4.979362487792969,6.261462267633967,17.102241924270206,7,19
6.315358638763428,8.030868580588988,12.452104586066714,8,19
6.731393814086914,8.33751248154285,15.812479768942293,9,19
6.323941230773926,8.021447043451602,13.79590767954168,10,19
6.394078731536865,8.036342564801954,14.354144392457691,1,20
7.225436210632324,8.730826597112536,11.941091877927644,2,20
7.399707794189453,9.545384467061735,13.31921752351116,3,20
6.8604254722595215,8.287147811379754,13.53838680408907,4,20
6.764951705932617,8.265916209868948,18.42569830868428,5,20
5.688971042633057,7.3498992497811555,15.243488083539939,6,20
5.69376277923584,7.839377350896936,17.0770585476651,7,20
6.58483362197876,8.340985358047577,11.574363871904401,8,20
6.9371562004089355,8.768167001345068,13.05316298992836,9,20
7.347781181335449,9.310932206665932,13.447705355892639,10,20
4.9818878173828125,6.5314766146391525,13.447178742670483,1,21
7.711820602416992,9.65640327801082,14.316127890624852,2,21
6.065913200378418,7.3253134598565985,13.244436268713594,3,21
6.490169048309326,8.333747497439205,16.765074404653713,4,21
4.919564247131348,6.281604358299636,16.48566845770014,5,21
4.89799690246582,6.4423099066711895,17.11325964995962,6,21
4.830495834350586,6.160530577264283,17.678724364162196,7,21
7.438365936279297,9.152470873130168,14.144383266872488,8,21
6.422915458679199,7.698034000836015,14.996935633483838,9,21
6.678177833557129,8.481805514174058,14.25011959594283,10,21
7.350915431976318,9.336387361677168,10.296362529054411,1,22
8.49779987335205,10.683839405311021,7.885117456351684,2,22
8.844969749450684,11.272585767266138,9.036630628610999,3,22
8.643880844116211,10.443681725142442,10.672034134121148,4,22
7.177804946899414,8.787498558771441,11.508900326248813,5,22
7.095272541046143,9.47238441942447,10.874618910738056,6,22
8.293954849243164,10.24872599802139,14.362828737990037,7,22
9.850862503051758,12.480625854840598,9.462357139734154,8,22
9.042313575744629,11.27517156026368,10.604780356896509,9,22
8.607075691223145,10.735335172440982,9.570062219593243,10,22
4.692770957946777,6.235683982549517,16.03191532900495,1,23
5.522577285766602,6.783270890731902,14.204776465994055,2,23
5.9964599609375,7.472329275631983,19.332593161125853,3,23
5.825571537017822,7.01184578358114,20.135816752405315,4,23
4.861846446990967,5.802135127148575,22.3075265107499,5,23
4.6697282791137695,5.6021277064047,21.18509921995099,6,23
4.653624534606934,5.571230434206199,23.663516082213754,7,23
6.623039245605469,8.207689857111278,19.190800427646302,8,23
6.215839385986328,7.561000202358058,20.103126742522864,9,23
5.298349857330322,6.655145831154682,15.797718433835492,10,23
7.202437400817871,9.136075757622823,11.969931357613392,1,24
8.046819686889648,10.278335111702528,9.199829937628026,2,24
10.699090003967285,14.352518829561928,13.895338745616273,3,24
7.522159099578857,9.765303510333194,10.598007463527113,4,24
6.774700164794922,8.504211728694486,13.150357664087128,5,24
7.225324630737305,8.621320741376207,14.195591802637914,6,24
6.727895736694336,8.38846428184638,14.735092508039308,7,24
8.288930892944336,10.646437615988402,9.959482478912594,8,24
6.784897804260254,8.576288189899575,9.537571776157645,9,24
8.46480941772461,10.794703661343856,11.056564550931464,10,24
8.513426780700684,10.612053377168944,11.565284069570959,1,25
11.179696083068848,13.453590021724917,10.484812838194339,2,25
9.052545547485352,11.270989737186426,9.835125674487246,3,25
10.111486434936523,12.64839587991145,11.76737129342076,4,25
8.00818920135498,10.351336966882737,13.414655044348548,5,25
7.262229919433594,9.630291957846314,11.257402604396509,6,25
8.131731986999512,10.262329501595454,14.401380913510073,7,25
9.246047973632812,12.207441243114856,9.00670849181738,8,25
10.142574310302734,12.558472856144398,11.52456635511424,9,25
9.66788101196289,12.276536498079247,11.019353675416758,10,25
6.56845235824585,8.149159824617994,14.995297141763409,1,26
8.22516918182373,10.169832789303978,13.26352677337414,2,26
6.881728172302246,9.159020535271626,12.327607658097522,3,26
6.206593990325928,7.918435819274827,12.190802006766205,4,26
6.054520130157471,7.445905279556603,17.31079219453518,5,26
6.325076580047607,8.051992740754798,17.05261444594469,6,26
5.636982440948486,7.075521162807854,17.09604668357952,7,26
8.810084342956543,10.775214852936953,14.505181000820084,8,26
6.3901801109313965,7.823871850538107,12.571928907311491,9,26
7.419189929962158,9.260579013724444,14.482092071895137,10,26
3.804888963699341,4.719904878272074,18.558314938327996,1,27
4.4695539474487305,5.552299490532581,16.254967150176693,2,27
5.064257621765137,6.54343719171984,20.4758105451817,3,27
4.694618225097656,6.232184998240578,19.716794968527037,4,27
4.074391841888428,5.011541587927253,28.031067910491984,5,27
3.525372266769409,4.443212566256036,19.921863080011082,6,27
3.924558401107788,4.818925605473575,30.630313154165723,7,27
4.473962783813477,5.4020867165896815,17.69874539880184,8,27
4.324385166168213,5.446798507669831,19.70688377803455,9,27
4.48057746887207,5.593307903870045,18.127419861980172,10,27
9.1730318069458,11.757684670193827,10.990488823254378,1,28
11.35105037689209,13.45715937892558,9.937373736518538,2,28
8.8818941116333,11.290298172533223,8.93899162689559,3,28
9.582621574401855,11.481993800757122,10.41819182153825,4,28
8.15994930267334,9.575101639728572,12.101101964945196,5,28
8.637124061584473,10.805363940773958,12.157511039371228,6,28
7.016704559326172,8.93548646666739,11.537495635840143,7,28
10.900330543518066,13.490496080466066,10.149195952982572,8,28
9.510429382324219,12.018120118456157,10.0328036230059,9,28
10.187082290649414,12.066434702742434,9.971480620869423,10,28
7.54940128326416,9.683491720544582,11.394128013712109,1,29
9.727426528930664,11.906057761735463,10.797967866261722,2,29
8.626073837280273,11.15120978527859,10.355690323244014,3,29
8.390316009521484,10.477347871499264,11.435793096937937,4,29
6.746689796447754,8.748040552088025,12.840812516733449,5,29
6.318044185638428,7.982249833752841,12.823033589598213,6,29
6.824605464935303,8.31834263653223,14.116489117565251,7,29
8.577224731445312,11.02266265936007,9.846527846739672,8,29
10.078264236450195,12.7489150838583,13.798225121510486,9,29
9.991761207580566,12.261678928336101,12.618222341466442,10,29
5.235337257385254,6.366941856841355,13.571677264668347,1,30
7.565839767456055,9.503410931656985,14.37802383900866,2,30
6.696986675262451,8.029497601100221,14.230297492200217,3,30
5.936315059661865,7.497244773863179,14.03747359147508,4,30
5.305872917175293,6.769415729503371,17.83521157873249,5,30
4.891420364379883,6.0671893988013705,15.59331696517296,6,30
4.029983997344971,5.284476474033569,15.610894741218988,7,30
6.313305854797363,7.649399288752011,12.767197249461631,8,30
6.795201301574707,8.548540974658199,16.180349291891318,9,30
5.687484264373779,7.312241508936214,12.18552207215961,10,30
6.471142768859863,8.55191031190752,11.304109330870954,1,31
8.569437980651855,10.774589272302514,11.131889263115276,2,31
8.033029556274414,9.986152980140723,11.78723605098298,3,31
7.710864067077637,9.68224955374,12.568449960813194,4,31
7.500195503234863,9.578770975107124,16.29362382218789,5,31
6.052468299865723,7.630731898410526,14.252736037831465,6,31
6.095420837402344,7.931262832282517,14.129427228583358,7,31
7.154345512390137,9.123134892732656,9.77323437961276,8,31
8.418584823608398,10.960634712719152,13.389788124232494,9,31
6.89284610748291,8.697322424654523,10.805317413508538,10,31
5.258110046386719,6.901147398708505,13.25537869811736,1,32
8.942583084106445,11.280385668499022,14.323706339649986,2,32
7.462757110595703,9.853799588636244,14.03281541150202,3,32
5.555228233337402,7.137818433936913,11.116565684950272,4,32
5.737031936645508,7.078596019440954,16.83438431876367,5,32
6.170872211456299,7.846354139656973,17.95426445837189,6,32
5.960865020751953,7.238359775106977,19.185349193576727,7,32
6.44375467300415,8.288780847594724,11.895296026453378,8,32
6.320180892944336,7.600794409341446,13.927114561223839,9,32
6.315168380737305,8.284479396857302,12.804267408620854,10,32
7.845184326171875,9.77052220958772,11.87448748665205,1,33
9.016030311584473,11.70646556649659,10.284469691393019,2,33
8.163187980651855,10.222209939626786,9.765002522782321,3,33
7.408355236053467,9.390441384956134,9.741869754374731,4,33
5.843419551849365,7.257778861601271,11.64733714469617,5,33
6.989346504211426,8.75248116328575,13.669235162120422,6,33
6.762257099151611,8.48142141845008,14.213171648883376,7,33
8.723466873168945,11.853219386076221,10.09466643986933,8,33
8.960870742797852,11.168719164736919,12.348777753233923,9,33
8.212474822998047,10.223128660989287,10.251569161174476,10,33
4.154155254364014,5.168482471632299,18.421089604596126,1,34
5.548388481140137,6.797880392146344,16.40444745596503,2,34
5.151978015899658,6.516925197198362,16.67188834526826,3,34
5.5879292488098145,7.302570350357731,19.98712624986623,4,34
4.443241596221924,5.569140809942043,22.419817129046493,5,34
3.966191530227661,4.883176548928762,19.71104132996946,6,34
3.298809051513672,4.051297985288244,18.60556095037801,7,34
5.753403186798096,6.877016361360777,18.05693771098108,8,34
5.0108866691589355,6.465796934545602,18.147943021687055,9,34
4.064578533172607,4.822488896271622,14.689202237188265,10,34
7.035034656524658,8.597552425827,11.68608783519677,1,35
8.71130084991455,10.839983459122204,10.221875566244732,2,35
7.21042537689209,9.273539104724554,9.221312832755453,3,35
7.727377891540527,9.439191047792113,10.872479227277989,4,35
6.387526988983154,8.083759991374343,12.17937951953941,5,35
6.206202507019043,7.4860641707641555,12.449814143981433,6,35
6.595067024230957,8.251652869907291,14.096081417463715,7,35
10.347185134887695,12.801595969839074,12.543039235073572,8,35
8.875540733337402,10.885382946394143,12.060797099630774,9,35
7.4681925773620605,8.996864196410455,10.065684265908299,10,35
8.239173889160156,10.523863423428702,12.187211492926387,1,36
10.31564712524414,13.700221729572595,9.764831664752343,2,36
9.195686340332031,11.474730883665162,10.341084505935525,3,36
8.37430191040039,10.073941567532279,10.46692826050051,4,36
7.587158203125,9.833394152781878,12.647937482943671,5,36
6.535661697387695,8.212484894481685,10.98125362753222,6,36
7.020526885986328,9.287422157259163,12.316586156802375,7,36
10.529847145080566,12.631489813640725,10.285370019767775,8,36
9.652376174926758,12.011180755228256,11.906968727610524,9,36
8.076045989990234,10.123100950378916,8.860967970948069,10,36
5.439121723175049,7.0360657878703945,19.898022514745666,1,37
5.6180524826049805,7.0470752899058455,15.013806728998452,2,37
5.428937911987305,6.93267076823304,16.755809258815926,3,37
5.353118896484375,6.657396101447059,17.8372679237802,4,37
4.275814533233643,5.469217160571274,21.6364636318708,5,37
3.9108033180236816,4.902077425223488,17.20551775756877,6,37
3.948448657989502,4.908250728790738,21.748262399868583,7,37
5.387600421905518,6.663972341949475,14.598140058152817,8,37
6.16281795501709,7.77893767412303,18.08371605490952,9,37
4.908271789550781,6.309350464968238,14.54707817784823,10,37
8.83881950378418,11.630438732160497,11.494323061393999,1,38
9.94774055480957,12.491102790617859,9.27749600309575,2,38
10.058881759643555,12.442116958703712,10.616077092453779,3,38
8.72790241241455,11.13373625553491,10.107724610375099,4,38
6.92204475402832,8.965495619001548,10.891310653179152,5,38
7.965028285980225,10.107979490959034,12.936660917068313,6,38
8.849004745483398,10.578385365379566,15.242763591419756,7,38
9.976419448852539,12.684452686884852,9.335853638876786,8,38
10.646187782287598,13.582389065426206,12.241965083791392,9,38
10.117880821228027,12.567409182467575,10.686738013950078,10,38
6.336994171142578,7.811463798469829,15.803343983543936,1,39
6.292163848876953,7.899225665423241,11.250859863297839,2,39
7.198703289031982,9.109965859777335,13.799685172419975,3,39
7.582276821136475,9.047102693054383,15.483494588223795,4,39
5.469254016876221,7.1750186188884895,16.92160799830234,5,39
4.552714824676514,5.666465007709282,12.987261797157245,6,39
5.106484413146973,6.690331830974075,19.000846525029907,7,39
7.880252361297607,9.978526137998475,14.45814095350198,8,39
6.718921661376953,8.268980444870834,13.80078151989164,9,39
6.53908634185791,8.511268327199986,12.971077668448114,10,39
4.70882511138916,6.061663068438681,17.529545519825586,1,40
5.653482437133789,7.471743187405796,15.130096424199044,2,40
5.7106499671936035,7.1776424313839104,18.566515248416916,3,40
5.4187445640563965,7.016730342524717,16.805846591035348,4,40
4.800332069396973,5.993565924306971,21.159500508238544,5,40
4.709218502044678,5.938980720998725,20.54329185384375,6,40
4.398148536682129,5.50478952114603,20.846735823027764,7,40
6.041449069976807,7.3056553816492,16.168606144100462,8,40
5.661273956298828,7.209405308508029,17.40699302106013,9,40
5.003142356872559,6.182419666056818,15.444870342134326,10,40
4.519369602203369,5.767816886778246,24.258653826031097,1,41
5.004180908203125,6.375516384378638,17.688715063765716,2,41
4.378364086151123,5.453447305068169,17.986039189361165,3,41
4.269219875335693,5.433449475191877,18.246925866516495,4,41
4.133156776428223,5.084048715917777,28.240460423142068,5,41
3.396437883377075,4.139360342689539,21.950862487541333,6,41
3.605497121810913,4.564614211093656,28.361061949482192,7,41
5.266613960266113,6.627109119885173,18.857836210902242,8,41
4.787362575531006,6.149585195059018,23.460780784217572,9,41
4.4517974853515625,5.794309310499586,17.36069050650491,10,41
5.455979824066162,6.705880263518174,16.9566897213774,1,42
5.211280822753906,6.983693066104261,10.540970006292918,2,42
6.353220462799072,7.902786883583775,14.630493160550365,3,42
6.370016098022461,7.575110396282627,16.138831768197427,4,42
4.699219226837158,5.994745178661065,16.586808921516194,5,42
5.231045246124268,6.629896837355361,19.499841198453044,6,42
5.128317356109619,6.452902136549625,19.116083718146353,7,42
6.43044900894165,8.231477231167354,13.7790056586033,8,42
6.244301795959473,7.7821532188671165,16.20099597039144,9,42
5.515073776245117,6.971444058233565,13.81848680385667,10,42
7.02937126159668,8.666131174221205,14.837632828907457,1,43
6.813553333282471,9.035256734471496,10.091579225001807,2,43
7.001222610473633,8.609331134331308,11.932913248168859,3,43
7.597198963165283,9.24001825306068,13.374914019349598,4,43
6.338340759277344,7.92083697318111,15.884449389513378,5,43
5.540149688720703,7.503564369082656,13.917014856468876,6,43
5.956234455108643,7.428828208803068,17.215772355247577,7,43
8.187642097473145,10.426167623507526,12.165439283337596,8,43
7.987001419067383,9.472782698898296,14.742431842944272,9,43
6.826497554779053,8.878509257512896,11.1184512992264,10,43
6.020282745361328,7.49661636319831,22.799412678302186,1,44
5.867169380187988,7.204746419665281,15.223067549386615,2,44
5.83941125869751,7.2275477052247,17.252882332147422,3,44
5.419366359710693,7.0022173503144645,17.164529691380167,4,44
4.1828508377075195,5.455734022285529,20.46522422736273,5,44
4.860381603240967,6.125336618321,21.105802764968885,6,44
4.043733596801758,5.330608963523499,18.891410280877118,7,44
5.143842697143555,6.373505660298378,13.754051844230093,8,44
5.2062273025512695,6.311220247074259,16.654841637148536,9,44
4.253716945648193,5.563437736419945,12.592694226054595,10,44
9.276727676391602,11.143987332831836,12.758206559796989,1,45
9.696443557739258,12.25342060521552,9.022385057755585,2,45
10.462480545043945,13.43343359165941,11.077132681312172,3,45
8.997787475585938,11.472668885122426,10.787933876894654,4,45
7.420161247253418,9.227343055467335,12.185356743070358,5,45
7.302699089050293,9.425783273544125,11.725797089314224,6,45
6.699330806732178,8.56684620393269,11.546360847946843,7,45
9.731329917907715,12.249833709210925,9.843413418559948,8,45
8.523788452148438,10.829768684995438,10.236152128826257,9,45
9.722211837768555,11.847575110998124,10.420686904303153,10,45
7.124279022216797,9.043742795570948,13.020209228288682,1,46
8.606374740600586,10.277584640017071,10.913956335444428,2,46
7.174968242645264,9.697031758572198,9.915678203780349,3,46
8.339542388916016,10.074270626199315,13.439493582157327,4,46
6.809423923492432,8.783564252429791,15.075429605359506,5,46
5.724123954772949,7.264158433135886,12.464901220777412,6,46
6.489067077636719,8.094233082379981,15.11708988488602,7,46
8.409146308898926,10.395576387235657,11.002689849148709,8,46
7.550576210021973,9.84373062374085,12.00859950423035,9,46
8.305450439453125,10.858643256034172,12.265351867510306,10,46
3.8873813152313232,5.073090202397367,20.01986274060804,1,47
5.67985725402832,6.80503057760282,20.176277720718954,2,47
4.059835910797119,5.156043216142444,15.508748351583948,3,47
4.593469142913818,5.681322368836553,20.969896512171296,4,47
4.04669189453125,5.192754634955569,23.157460015318282,5,47
3.178176164627075,4.35612032682269,19.70277842781913,6,47
3.2059106826782227,4.200271942780675,23.91747769471524,7,47
5.117921829223633,6.654511560504401,17.88886829855628,8,47
4.433888912200928,5.524742824731206,18.808164527700235,9,47
4.920884132385254,6.250232234454904,20.12743352957502,10,47
6.579805374145508,8.067007771155474,14.356957366041174,1,48
7.273315906524658,9.468230683340431,10.826421885716266,2,48
6.882139682769775,9.12476839790631,11.776097598303908,3,48
6.532014846801758,8.489594317158028,12.83240962014782,4,48
6.382603168487549,8.43067260303416,15.016511535792528,5,48
5.27031946182251,7.0287818476230015,12.93635493661106,6,48
5.891913414001465,7.326983592728677,15.555290448589112,7,48
7.998712062835693,10.744584249669328,12.829280847178698,8,48
7.233509063720703,9.176226907546972,12.737121911613617,9,48
7.563340187072754,9.466132982639719,12.774843961108651,10,48
4.360820770263672,5.297284405845699,15.520018931269759,1,49
6.021775245666504,7.55459610450791,15.7788715372124,2,49
4.917712211608887,6.686309138001025,14.698316846486714,3,49
5.051312446594238,6.114627385238019,17.116357619183688,4,49
4.457187175750732,5.577553257638772,19.61927194239332,5,49
4.557806968688965,5.695476597644521,20.496506994881933,6,49
4.505859851837158,5.563146660752615,23.62378322083483,7,49
5.577512741088867,7.105045954040917,14.897929316410579,8,49
4.687075614929199,5.963385123206915,14.81307526291163,9,49
5.256777286529541,6.784862768912039,17.700023900401042,10,49
6.787072658538818,8.653369630914785,11.201143646816801,1,50
8.56866455078125,11.09556336962021,10.03791171176839,2,50
7.78021764755249,9.885806966673192,10.27971936468452,3,50
8.426942825317383,10.755546381012056,13.188604067679725,4,50
6.429703235626221,8.208628641099589,12.712227503666263,5,50
6.492609977722168,8.172950921791928,13.65272761908822,6,50
6.327381134033203,8.036027845289826,13.115701792826368,7,50
8.020586013793945,10.105380794819203,9.680087350146772,8,50
7.850274562835693,10.049451245561325,11.314624327920923,9,50
8.064271926879883,9.957297512009761,10.583328895209004,10,50
