store,item,MAE_90d,RMSE_90d,MAPE_90d,MAE_1step,RMSE_1step,MAPE_1step
7,3,7.072460122240914,8.894033445763958,24.05105494650516,5.598069614834255,6.71730370837269,22.22251416408294
7,20,6.409847154882219,9.309152008200748,17.264990079757965,5.130716387430827,7.81505881739601,15.333090894011466
6,3,6.4467662082778086,7.794256590115282,24.273847283363892,6.091919030083551,7.50090996319012,23.749224083396495
5,4,3.621751781304677,4.68344984832502,25.620716833450057,3.518863317701552,4.5519639176494024,24.138563065697603
6,47,4.3619612998432595,5.338024624594569,31.76938373889948,3.5944565561082626,4.379907298679101,24.45102267236091
3,5,4.227199962404039,5.248217805047745,21.8699920170317,3.9696324242485894,5.014206586679619,20.16319381907947
7,16,4.257915706766976,5.480776518566376,25.935299717163403,4.300843323601617,5.404445181072398,26.233939815915907
6,17,6.397090215815438,7.450719154976898,28.04067180309808,5.228549427456326,6.336550363910191,21.711675519812694
7,9,7.357249119546677,9.143676682002424,20.280238128452552,6.334312438964844,7.866678934239504,17.932064317654614
7,21,6.004694888326857,7.552373292829983,23.167778034079845,5.466172175937229,6.982376223944829,22.398120025339686
2,1,6.512023095289866,8.16992769334371,23.651810925763957,5.595690091451009,7.238342409194428,22.04748548253011
4,5,5.298260359631644,6.317502421991018,33.5777550863567,4.6031868192884655,5.6466295930901875,26.78795244741877
1,42,6.65774654812283,8.074693926892463,22.984141111246785,5.736057641771104,7.059655881733436,19.181248851101834
5,32,8.775412156846787,10.630936626901521,29.38321752478022,6.416017172071669,8.115364804803706,20.291000467979362
2,34,7.649536055326459,9.344983117533888,25.697516256376808,6.483965280320909,8.125657956461245,20.844917727546857
3,23,7.459853638543023,9.024937933758478,26.05867764246729,6.294541973537869,7.900314858660167,21.135856023328156
8,34,7.7674513002236685,9.33693134654149,28.008651701018245,5.849692514207628,7.358690353484213,19.840248063604125
6,43,8.396641954779627,10.574435448362522,19.76948764226368,6.200839275783964,8.023997471253711,16.30907673936256
8,32,10.869360379378001,13.732601557981047,23.64276172863518,7.551959313286675,9.937079750640713,15.030786234031677
5,45,15.034598788950179,18.00381179740532,22.298592376898583,9.547522947523326,12.023076477314186,15.873470026867444
4,43,10.57808797227012,14.40782594282781,16.863580576763002,8.487767664591473,10.953124883923707,15.13305526442769
6,35,11.85249112314648,14.717450648221806,27.346963601006465,7.782542037963867,9.326307416488742,16.827333073087473
2,44,8.696754794650607,10.340721874939932,26.001633729168233,6.681854290432401,8.152746820710812,18.783131986687994
6,50,11.40350481669108,14.063569018889078,26.76148181021951,7.437680350409614,9.444172339667595,16.72559870365111
6,2,9.320744876729119,11.178466452513554,23.042142878197275,7.768094931708443,9.416525735324528,18.321145225845378
10,39,17.187760342492,22.264657979848998,40.815519670344244,7.67486211988661,9.84289072904624,17.232789661157735
7,8,9.424086680677203,12.054696965828784,18.862540551023933,7.794133589002821,9.865637810599328,15.060784271493374
2,20,23.24070795642005,28.523764021918733,44.7500882718836,8.966852866278755,11.032204437734915,16.500155873660084
3,43,14.738221497005886,17.791703966513587,22.585544760820973,8.413194571601018,10.087573052738534,14.129623644343678
1,50,14.33264356454213,18.108532651862742,21.622449926716797,8.408340708414714,10.47835046948603,14.198015811609919
5,14,8.059120133188035,9.485499176321865,19.359061891889613,7.430836592780219,8.705184234688558,17.43851801533032
2,32,11.650266570846235,14.354618601721569,21.930933671730088,9.811930974324545,12.294768911841492,17.328574727492967
3,3,9.274246803919475,11.306383295637168,25.0001375137918,7.339945305718315,9.310628459088752,18.643767059510456
8,19,12.453836390376091,14.90462178645216,27.024359424805716,8.139923858642579,9.898574185185389,16.938662461515566
8,11,15.62991000811259,19.36663083461343,19.431333304805356,9.99433602227105,12.44628940543731,11.611487492035268
8,24,13.631521733601888,17.23183456408711,15.273868151767672,10.120368194580077,12.810625155082123,12.372236182449827
4,25,34.208098814553686,42.23666501460002,46.83444526269197,11.340214114718966,14.37468634571418,14.388706486579586
3,28,38.673988517125444,46.91824904483073,43.38194566307146,12.072139782375762,15.107175870055295,12.74138267962247
8,8,18.304615255528027,24.47577347354884,17.21373805766932,12.59288813273112,15.904270108920205,12.9909408260709
2,25,16.446957957082326,20.690036713327558,16.338409505180863,12.77290276421441,16.079773207183806,12.528874568141266
8,15,21.165521934628487,28.799466092315814,21.313193170060668,12.280542416042751,15.575585133777228,11.64320691103706
4,35,10.088661515050465,12.188213397916007,14.33091628575295,8.696647432115343,10.613377942383407,12.646085117619204
8,14,11.457227534717983,13.83375972143392,16.083191826765812,8.80045772128635,11.313173181429695,12.502325125072437
8,25,18.512243235111235,24.745089327913632,21.373237426994585,10.954508633083767,14.492956037603966,11.657634196864132
2,9,13.009216750330395,16.05649982246759,18.16509655824812,9.815863545735677,12.172046013471281,15.260384174474098
3,2,8.999884059694079,12.039600527094144,13.101360005810713,7.9645200941297745,10.461026980110342,12.190344872370435
2,2,13.075962886545394,15.702024626776712,17.153446755129714,10.29099277920193,12.429465133716185,14.273953927317837
4,7,11.51204582452774,14.047565422450718,19.062141228562744,8.275813632541233,10.53241274404554,13.723616286920267
2,14,12.717664258347618,16.423513410072523,18.580122915459846,8.281663470798069,11.086271102939357,11.715286035989484
2,29,15.225991773605344,19.449679829974706,15.95704429813135,10.977171071370442,14.238656534688438,12.481363320743279
9,24,10.006880004869567,12.325895902815256,15.191867072892167,9.107238388061523,11.304649454158039,13.975784261924682
