store,item,cutoff,MAE,RMSE,MAPE
7,3,2017-10-02,4.946297938799737,5.991569389302179,19.542773176375764
7,20,2017-10-02,4.8342136010274706,6.670832163666106,15.079615151558087
6,3,2017-10-02,5.29889955885442,6.488579371217987,20.499652718971667
5,4,2017-10-02,3.1571254125733956,3.873324978865751,19.722930166672114
6,47,2017-10-02,3.2268025029991914,4.157804510509294,20.720367946805105
3,5,2017-10-02,3.91994979188603,4.6714800852583185,18.92812498499983
7,16,2017-10-02,3.1392002253568476,4.07966393476418,19.02452952513169
6,17,2017-10-02,4.227399545394134,5.2243448863121165,15.77461532560857
7,9,2017-10-02,4.6640720677130645,5.970471996868646,13.347204895550604
7,21,2017-10-02,4.3341829468291975,5.4945134236463975,16.23044744830726
2,1,2017-10-02,4.789421568314913,6.04627774178046,18.717680198666923
4,5,2017-10-02,3.7435348362638745,4.858627822948732,20.46440540493834
1,42,2017-10-02,5.288545754839156,6.549568193306557,16.960104648926052
5,32,2017-10-02,5.462073246102714,6.641181879096797,15.972832897034847
2,34,2017-10-02,5.255501624305884,6.449029143779797,15.764953218351147
3,23,2017-10-02,4.747753094956309,6.197215571879553,15.594464559011017
8,34,2017-10-02,4.8226922100008895,5.842448423579572,15.77701610427988
6,43,2017-10-02,5.105413746455809,6.893546365084597,13.312308333846879
8,32,2017-10-02,6.283496461591549,8.16128457213937,12.308737192634753
5,45,2017-10-02,6.931437609193633,8.780776143002406,11.04801284371594
4,43,2017-10-02,7.007830790483845,8.574026315503886,12.542524628133163
6,35,2017-10-02,5.662366182319456,7.022224912557047,11.642311781936533
2,44,2017-10-02,5.188228822296259,6.603405821975165,13.759982174915336
6,50,2017-10-02,6.521171930090567,8.027977277523682,13.567126620652786
6,2,2017-10-02,6.234826913390039,7.836005460360177,14.066528885248001
10,39,2017-10-02,6.659127586119871,8.367691218218969,13.10820689064816
7,8,2017-10-02,6.546578990825103,8.28355843948829,12.545455630492777
2,20,2017-10-02,6.554440146191032,8.003120536900836,11.352568972821752
3,43,2017-10-02,6.805413422505565,8.33732334437963,11.869808824754756
1,50,2017-10-02,6.454222365673914,8.139674975797002,11.008695348397266
5,14,2017-10-02,6.014956484583209,7.401472045506494,13.177699110645461
2,32,2017-10-02,8.21668416229496,10.25697697120267,13.528312609697107
3,3,2017-10-02,6.8761774855260995,8.267520848848577,16.60971916865953
8,19,2017-10-02,6.467550342137889,8.129876521502142,12.618189880608147
8,11,2017-10-02,8.371763451866848,10.148088651208475,9.251195311845384
8,24,2017-10-02,8.241137153696107,10.543248814815584,9.843418121131617
4,25,2017-10-02,9.072589530568212,11.17790949419812,10.73390149888191
3,28,2017-10-02,9.832898859450093,12.59892567955751,9.849047288431551
8,8,2017-10-02,9.870082120009995,12.067387183312018,9.958778191686996
2,25,2017-10-02,10.84197366717928,13.303834024537812,10.212707253349988
8,15,2017-10-02,9.647158417715794,12.12819825373525,8.776820238972865
4,35,2017-10-02,6.89904330049483,8.380626129729723,9.82306419955879
8,14,2017-10-02,8.259648743050912,10.244248205476207,11.061148800685466
8,25,2017-10-02,8.899294260365451,11.137733791810957,8.889349811183154
2,9,2017-10-02,6.950300597939828,8.918785903929741,10.561369784050788
3,2,2017-10-02,6.304876674053024,7.798736218482764,9.490173099302648
2,2,2017-10-02,7.457920705552199,9.671331344650033,10.510210717532201
4,7,2017-10-02,7.698227740412798,9.504579900537456,12.335070702612217
2,14,2017-10-02,7.44944295377293,8.725688690990205,9.87116884471562
2,29,2017-10-02,8.527759770949123,10.748538808714454,9.707137913153689
9,24,2017-10-02,7.108733753695325,8.638165117054747,10.078174796343918
